title_id,genre_id,is_primary
1,1,1
2,2,1
3,3,1
3,4,0
4,5,1
5,6,1
6,7,1
7,8,1
8,9,1
8,2,0
9,10,1
9,11,0
9,12,0
10,8,1
11,1,1
12,4,1
13,13,1
14,14,1
15,2,1
16,1,1
17,15,1
18,16,1
19,8,1
20,5,1
21,1,1
22,2,1
23,8,1
24,2,1
25,17,1
26,2,1
27,13,1
28,8,1
29,8,1
30,8,1
31,1,1
32,18,1
33,19,1
34,8,1
35,18,1
36,8,1
37,1,1
38,4,1
39,3,1
39,4,0
40,7,1
41,20,1
41,21,0
42,4,1
43,22,1
44,2,1
45,23,1
46,2,1
47,18,1
48,8,1
49,8,1
50,11,1
51,7,1
52,24,1
52,22,0
53,25,1
54,4,1
55,8,1
56,26,1
57,4,1
58,2,1
59,13,1
60,18,1
61,2,1
62,14,1
63,27,1
64,28,1
65,24,1
66,8,1
67,29,1
67,30,0
68,13,1
69,31,1
70,8,1
71,4,1
72,18,1
73,8,1
74,8,1
75,8,1
76,8,1
77,32,1
78,8,1
79,3,1
80,33,1
81,1,1
82,34,1
83,4,1
84,8,1
85,13,1
86,8,1
87,2,1
88,4,1
89,2,1
90,2,1
91,18,1
92,13,1
93,4,1
94,4,1
95,8,1
95,12,0
95,35,0
96,13,1
97,8,1
98,4,1
99,36,1
100,7,1
100,8,0
101,2,1
102,18,1
103,4,1
104,8,1
105,7,1
105,3,0
106,13,1
107,37,1
108,8,1
108,10,0
109,10,1
110,2,1
111,8,1
112,1,1
113,8,1
114,33,1
115,13,1
116,3,1
116,6,0
117,38,1
118,2,1
119,39,1
120,8,1
121,3,1
122,13,1
123,40,1
123,8,0
124,41,1
125,8,1
126,8,1
127,41,1
128,8,1
129,34,1
130,13,1
131,2,1
132,13,1
133,42,1
134,33,1
135,34,1
136,28,1
137,3,1
138,2,1
139,8,1
140,43,1
141,1,1
142,44,1
143,45,1
144,28,1
145,35,1
146,46,1
147,18,1
148,13,1
149,4,1
150,8,1
151,47,1
152,1,1
153,1,1
154,7,1
155,2,1
156,14,1
157,13,1
158,48,1
159,8,1
160,2,1
161,8,1
162,34,1
163,13,1
164,13,1
165,4,1
166,4,1
167,49,1
168,8,1
169,4,1
170,4,1
171,3,1
171,2,0
172,13,1
173,2,1
174,13,1
175,50,1
176,13,1
177,34,1
178,13,1
179,51,1
180,52,1
181,53,1
182,46,1
183,51,1
184,3,1
184,2,0
185,8,1
186,8,1
186,18,0
187,12,1
188,13,1
189,13,1
190,4,1
191,13,1
192,4,1
193,2,1
194,54,1
195,55,1
195,23,0
196,56,1
197,6,1
198,50,1
199,4,1
200,1,1
201,13,1
202,2,1
203,1,1
204,34,1
205,10,1
206,14,1
207,57,1
208,49,1
209,4,1
210,3,1
210,2,0
211,4,1
212,4,1
213,58,1
214,22,1
215,59,1
216,60,1
217,13,1
218,13,1
219,13,1
220,61,1
221,7,1
222,8,1
223,4,1
224,1,1
225,4,1
226,35,1
227,13,1
227,62,0
228,63,1
229,1,1
230,8,1
231,38,1
232,8,1
233,40,1
234,38,1
235,49,1
236,4,1
237,4,1
238,11,1
239,13,1
240,49,1
241,64,1
242,4,1
243,2,1
244,65,1
245,66,1
246,49,1
247,4,1
248,4,1
249,34,1
250,8,1
251,54,1
252,2,1
253,2,1
254,24,1
255,2,1
256,49,1
257,13,1
258,14,1
259,4,1
260,1,1
261,1,1
262,8,1
263,18,1
263,38,0
264,1,1
265,13,1
266,64,1
267,25,1
268,67,1
269,4,1
269,18,0
270,4,1
271,35,1
271,34,0
272,8,1
273,13,1
274,4,1
275,4,1
276,1,1
277,4,1
278,7,1
279,8,1
280,68,1
281,69,1
282,3,1
282,7,0
283,70,1
284,3,1
284,4,0
285,4,1
286,34,1
287,1,1
288,38,1
289,2,1
290,13,1
291,1,1
292,4,1
293,1,1
294,71,1
295,3,1
295,2,0
296,1,1
297,72,1
298,54,1
299,2,1
300,4,1
301,13,1
302,1,1
303,28,1
304,1,1
305,1,1
306,34,1
307,24,1
307,10,0
307,40,0
308,4,1
309,1,1
310,24,1
310,73,0
311,1,1
312,34,1
313,1,1
314,2,1
315,24,1
315,8,0
315,40,0
316,26,1
317,1,1
318,4,1
319,74,1
320,13,1
321,1,1
322,42,1
323,4,1
324,20,1
324,3,0
325,1,1
326,24,1
326,21,0
327,1,1
328,8,1
329,75,1
330,1,1
331,72,1
332,5,1
333,2,1
334,35,1
334,31,0
335,1,1
336,4,1
337,4,1
338,40,1
339,4,1
340,1,1
341,76,1
342,13,1
343,8,1
344,4,1
345,42,1
346,4,1
346,21,0
347,77,1
348,48,1
349,18,1
350,13,1
351,42,1
352,1,1
353,48,1
354,1,1
355,4,1
356,1,1
357,1,1
358,1,1
359,3,1
360,1,1
361,78,1
362,38,1
363,78,1
364,1,1
365,20,1
365,12,0
366,4,1
367,79,1
368,1,1
369,20,1
369,3,0
370,4,1
371,1,1
372,1,1
373,7,1
374,1,1
375,4,1
376,1,1
377,4,1
378,8,1
379,1,1
380,28,1
381,80,1
382,4,1
383,4,1
384,4,1
385,1,1
386,34,1
387,22,1
387,7,0
388,1,1
389,4,1
390,4,1
391,4,1
392,81,1
392,8,0
393,1,1
394,1,1
395,1,1
396,13,1
397,1,1
398,8,1
399,2,1
400,8,1
401,1,1
402,1,1
403,1,1
404,1,1
405,1,1
406,4,1
407,4,1
408,29,1
408,30,0
409,4,1
410,4,1
411,1,1
412,4,1
413,1,1
414,2,1
415,1,1
416,1,1
417,1,1
418,24,1
418,21,0
419,4,1
420,1,1
421,49,1
422,42,1
423,82,1
424,34,1
425,1,1
426,1,1
427,1,1
428,1,1
429,42,1
430,38,1
431,8,1
431,10,0
432,34,1
433,1,1
434,1,1
435,29,1
435,30,0
436,1,1
437,1,1
438,1,1
439,4,1
440,29,1
440,30,0
441,1,1
442,1,1
443,1,1
444,1,1
445,1,1
446,1,1
447,24,1
447,8,0
448,8,1
449,83,1
449,12,0
449,40,0
449,8,0
450,49,1
451,26,1
452,29,1
452,30,0
453,24,1
454,24,1
455,4,1
456,1,1
457,1,1
458,84,1
459,1,1
460,1,1
461,1,1
462,38,1
463,1,1
464,1,1
465,1,1
466,1,1
467,1,1
468,52,1
469,1,1
470,1,1
471,4,1
472,1,1
473,1,1
474,1,1
475,48,1
476,4,1
477,1,1
478,4,1
479,13,1
480,1,1
481,1,1
482,4,1
483,1,1
484,1,1
485,1,1
486,1,1
487,13,1
488,85,1
489,4,1
490,86,1
491,4,1
492,38,1
493,8,1
494,4,1
495,1,1
496,87,1
497,88,1
498,68,1
499,1,1
500,49,1
501,38,1
502,1,1
503,1,1
504,1,1
505,4,1
506,1,1
507,24,1
508,89,1
509,38,1
510,2,1
511,1,1
512,1,1
513,1,1
514,24,1
514,21,0
515,1,1
516,1,1
517,11,1
518,1,1
519,34,1
520,1,1
521,1,1
522,1,1
523,1,1
524,1,1
525,1,1
526,71,1
527,1,1
528,1,1
529,29,1
529,30,0
530,1,1
531,1,1
532,1,1
533,71,1
534,1,1
535,1,1
536,1,1
537,1,1
538,24,1
538,90,0
539,1,1
540,33,1
541,1,1
542,1,1
543,1,1
544,91,1
544,46,0
545,1,1
546,1,1
547,1,1
548,1,1
549,1,1
550,4,1
551,1,1
552,4,1
553,10,1
553,21,0
554,75,1
555,1,1
556,1,1
557,1,1
558,71,1
559,88,1
560,4,1
561,24,1
561,21,0
562,38,1
563,4,1
564,1,1
565,1,1
566,4,1
567,1,1
568,1,1
569,1,1
570,1,1
571,1,1
572,1,1
573,1,1
574,24,1
574,83,0
574,8,0
574,40,0
575,1,1
576,1,1
577,1,1
578,1,1
579,71,1
580,71,1
581,1,1
582,52,1
583,1,1
584,1,1
