date_key,full_date,year,quarter,month_num,month_name,day_of_month,day_of_week,weekday_name,is_weekend,is_full_year
20141213,2014-12-13,2014,Q4,12,December,13,6,Saturday,1,0
20150522,2015-05-22,2015,Q2,5,May,22,5,Friday,0,0
20150529,2015-05-29,2015,Q2,5,May,29,5,Friday,0,0
20150626,2015-06-26,2015,Q2,6,June,26,5,Friday,0,0
20150717,2015-07-17,2015,Q3,7,July,17,5,Friday,0,0
20150918,2015-09-18,2015,Q3,9,September,18,5,Friday,0,0
20151009,2015-10-09,2015,Q4,10,October,9,5,Friday,0,0
20151016,2015-10-16,2015,Q4,10,October,16,5,Friday,0,0
20151204,2015-12-04,2015,Q4,12,December,4,5,Friday,0,0
20151211,2015-12-11,2015,Q4,12,December,11,5,Friday,0,0
20160318,2016-03-18,2016,Q1,3,March,18,5,Friday,0,1
20160429,2016-04-29,2016,Q2,4,April,29,5,Friday,0,1
20160527,2016-05-27,2016,Q2,5,May,27,5,Friday,0,1
20160624,2016-06-24,2016,Q2,6,June,24,5,Friday,0,1
20160707,2016-07-07,2016,Q3,7,July,7,4,Thursday,0,1
20160715,2016-07-15,2016,Q3,7,July,15,5,Friday,0,1
20160729,2016-07-29,2016,Q3,7,July,29,5,Friday,0,1
20160819,2016-08-19,2016,Q3,8,August,19,5,Friday,0,1
20160826,2016-08-26,2016,Q3,8,August,26,5,Friday,0,1
20160913,2016-09-13,2016,Q3,9,September,13,2,Tuesday,0,1
20160916,2016-09-16,2016,Q3,9,September,16,5,Friday,0,1
20160923,2016-09-23,2016,Q3,9,September,23,5,Friday,0,1
20160930,2016-09-30,2016,Q3,9,September,30,5,Friday,0,1
20161007,2016-10-07,2016,Q4,10,October,7,5,Friday,0,1
20161012,2016-10-12,2016,Q4,10,October,12,3,Wednesday,0,1
20161013,2016-10-13,2016,Q4,10,October,13,4,Thursday,0,1
20161014,2016-10-14,2016,Q4,10,October,14,5,Friday,0,1
20161028,2016-10-28,2016,Q4,10,October,28,5,Friday,0,1
20161104,2016-11-04,2016,Q4,11,November,4,5,Friday,0,1
20161111,2016-11-11,2016,Q4,11,November,11,5,Friday,0,1
20161122,2016-11-22,2016,Q4,11,November,22,2,Tuesday,0,1
20161209,2016-12-09,2016,Q4,12,December,9,5,Friday,0,1
20161216,2016-12-16,2016,Q4,12,December,16,5,Friday,0,1
20170106,2017-01-06,2017,Q1,1,January,6,5,Friday,0,1
20170113,2017-01-13,2017,Q1,1,January,13,5,Friday,0,1
20170120,2017-01-20,2017,Q1,1,January,20,5,Friday,0,1
20170126,2017-01-26,2017,Q1,1,January,26,4,Thursday,0,1
20170127,2017-01-27,2017,Q1,1,January,27,5,Friday,0,1
20170203,2017-02-03,2017,Q1,2,February,3,5,Friday,0,1
20170207,2017-02-07,2017,Q1,2,February,7,2,Tuesday,0,1
20170214,2017-02-14,2017,Q1,2,February,14,2,Tuesday,0,1
20170224,2017-02-24,2017,Q1,2,February,24,5,Friday,0,1
20170310,2017-03-10,2017,Q1,3,March,10,5,Friday,0,1
20170317,2017-03-17,2017,Q1,3,March,17,5,Friday,0,1
20170324,2017-03-24,2017,Q1,3,March,24,5,Friday,0,1
20170331,2017-03-31,2017,Q1,3,March,31,5,Friday,0,1
20170407,2017-04-07,2017,Q2,4,April,7,5,Friday,0,1
20170414,2017-04-14,2017,Q2,4,April,14,5,Friday,0,1
20170421,2017-04-21,2017,Q2,4,April,21,5,Friday,0,1
20170428,2017-04-28,2017,Q2,4,April,28,5,Friday,0,1
20170505,2017-05-05,2017,Q2,5,May,5,5,Friday,0,1
20170512,2017-05-12,2017,Q2,5,May,12,5,Friday,0,1
20170519,2017-05-19,2017,Q2,5,May,19,5,Friday,0,1
20170520,2017-05-20,2017,Q2,5,May,20,6,Saturday,1,1
20170526,2017-05-26,2017,Q2,5,May,26,5,Friday,0,1
20170609,2017-06-09,2017,Q2,6,June,9,5,Friday,0,1
20170616,2017-06-16,2017,Q2,6,June,16,5,Friday,0,1
20170623,2017-06-23,2017,Q2,6,June,23,5,Friday,0,1
20170628,2017-06-28,2017,Q2,6,June,28,3,Wednesday,0,1
20170714,2017-07-14,2017,Q3,7,July,14,5,Friday,0,1
20170728,2017-07-28,2017,Q3,7,July,28,5,Friday,0,1
20170804,2017-08-04,2017,Q3,8,August,4,5,Friday,0,1
20170811,2017-08-11,2017,Q3,8,August,11,5,Friday,0,1
20170825,2017-08-25,2017,Q3,8,August,25,5,Friday,0,1
20170901,2017-09-01,2017,Q3,9,September,1,5,Friday,0,1
20170908,2017-09-08,2017,Q3,9,September,8,5,Friday,0,1
20170912,2017-09-12,2017,Q3,9,September,12,2,Tuesday,0,1
20170915,2017-09-15,2017,Q3,9,September,15,5,Friday,0,1
20170922,2017-09-22,2017,Q3,9,September,22,5,Friday,0,1
20170929,2017-09-29,2017,Q3,9,September,29,5,Friday,0,1
20171006,2017-10-06,2017,Q4,10,October,6,5,Friday,0,1
20171012,2017-10-12,2017,Q4,10,October,12,4,Thursday,0,1
20171013,2017-10-13,2017,Q4,10,October,13,5,Friday,0,1
20171020,2017-10-20,2017,Q4,10,October,20,5,Friday,0,1
20171027,2017-10-27,2017,Q4,10,October,27,5,Friday,0,1
20171110,2017-11-10,2017,Q4,11,November,10,5,Friday,0,1
20171117,2017-11-17,2017,Q4,11,November,17,5,Friday,0,1
20171121,2017-11-21,2017,Q4,11,November,21,2,Tuesday,0,1
20171122,2017-11-22,2017,Q4,11,November,22,3,Wednesday,0,1
20171124,2017-11-24,2017,Q4,11,November,24,5,Friday,0,1
20171201,2017-12-01,2017,Q4,12,December,1,5,Friday,0,1
20171208,2017-12-08,2017,Q4,12,December,8,5,Friday,0,1
20171215,2017-12-15,2017,Q4,12,December,15,5,Friday,0,1
20171222,2017-12-22,2017,Q4,12,December,22,5,Friday,0,1
20180112,2018-01-12,2018,Q1,1,January,12,5,Friday,0,1
20180119,2018-01-19,2018,Q1,1,January,19,5,Friday,0,1
20180126,2018-01-26,2018,Q1,1,January,26,5,Friday,0,1
20180204,2018-02-04,2018,Q1,2,February,4,7,Sunday,1,1
20180209,2018-02-09,2018,Q1,2,February,9,5,Friday,0,1
20180214,2018-02-14,2018,Q1,2,February,14,3,Wednesday,0,1
20180216,2018-02-16,2018,Q1,2,February,16,5,Friday,0,1
20180223,2018-02-23,2018,Q1,2,February,23,5,Friday,0,1
20180308,2018-03-08,2018,Q1,3,March,8,4,Thursday,0,1
20180309,2018-03-09,2018,Q1,3,March,9,5,Friday,0,1
20180316,2018-03-16,2018,Q1,3,March,16,5,Friday,0,1
20180323,2018-03-23,2018,Q1,3,March,23,5,Friday,0,1
20180330,2018-03-30,2018,Q1,3,March,30,5,Friday,0,1
20180406,2018-04-06,2018,Q2,4,April,6,5,Friday,0,1
20180413,2018-04-13,2018,Q2,4,April,13,5,Friday,0,1
20180420,2018-04-20,2018,Q2,4,April,20,5,Friday,0,1
20180427,2018-04-27,2018,Q2,4,April,27,5,Friday,0,1
20180501,2018-05-01,2018,Q2,5,May,1,2,Tuesday,0,1
20180504,2018-05-04,2018,Q2,5,May,4,5,Friday,0,1
20180511,2018-05-11,2018,Q2,5,May,11,5,Friday,0,1
20180518,2018-05-18,2018,Q2,5,May,18,5,Friday,0,1
20180525,2018-05-25,2018,Q2,5,May,25,5,Friday,0,1
20180608,2018-06-08,2018,Q2,6,June,8,5,Friday,0,1
20180615,2018-06-15,2018,Q2,6,June,15,5,Friday,0,1
20180624,2018-06-24,2018,Q2,6,June,24,7,Sunday,1,1
20180629,2018-06-29,2018,Q2,6,June,29,5,Friday,0,1
20180706,2018-07-06,2018,Q3,7,July,6,5,Friday,0,1
20180713,2018-07-13,2018,Q3,7,July,13,5,Friday,0,1
20180720,2018-07-20,2018,Q3,7,July,20,5,Friday,0,1
20180727,2018-07-27,2018,Q3,7,July,27,5,Friday,0,1
20180803,2018-08-03,2018,Q3,8,August,3,5,Friday,0,1
20180810,2018-08-10,2018,Q3,8,August,10,5,Friday,0,1
20180817,2018-08-17,2018,Q3,8,August,17,5,Friday,0,1
20180824,2018-08-24,2018,Q3,8,August,24,5,Friday,0,1
20180907,2018-09-07,2018,Q3,9,September,7,5,Friday,0,1
20180912,2018-09-12,2018,Q3,9,September,12,3,Wednesday,0,1
20180913,2018-09-13,2018,Q3,9,September,13,4,Thursday,0,1
20180914,2018-09-14,2018,Q3,9,September,14,5,Friday,0,1
20180921,2018-09-21,2018,Q3,9,September,21,5,Friday,0,1
20180928,2018-09-28,2018,Q3,9,September,28,5,Friday,0,1
20181005,2018-10-05,2018,Q4,10,October,5,5,Friday,0,1
20181010,2018-10-10,2018,Q4,10,October,10,3,Wednesday,0,1
20181012,2018-10-12,2018,Q4,10,October,12,5,Friday,0,1
20181019,2018-10-19,2018,Q4,10,October,19,5,Friday,0,1
20181026,2018-10-26,2018,Q4,10,October,26,5,Friday,0,1
20181102,2018-11-02,2018,Q4,11,November,2,5,Friday,0,1
20181109,2018-11-09,2018,Q4,11,November,9,5,Friday,0,1
20181113,2018-11-13,2018,Q4,11,November,13,2,Tuesday,0,1
20181116,2018-11-16,2018,Q4,11,November,16,5,Friday,0,1
20181122,2018-11-22,2018,Q4,11,November,22,4,Thursday,0,1
20181130,2018-11-30,2018,Q4,11,November,30,5,Friday,0,1
20181207,2018-12-07,2018,Q4,12,December,7,5,Friday,0,1
20181212,2018-12-12,2018,Q4,12,December,12,3,Wednesday,0,1
20181214,2018-12-14,2018,Q4,12,December,14,5,Friday,0,1
20181216,2018-12-16,2018,Q4,12,December,16,7,Sunday,1,1
20181221,2018-12-21,2018,Q4,12,December,21,5,Friday,0,1
20181231,2018-12-31,2018,Q4,12,December,31,1,Monday,0,1
20190104,2019-01-04,2019,Q1,1,January,4,5,Friday,0,1
20190111,2019-01-11,2019,Q1,1,January,11,5,Friday,0,1
20190118,2019-01-18,2019,Q1,1,January,18,5,Friday,0,1
20190125,2019-01-25,2019,Q1,1,January,25,5,Friday,0,1
20190201,2019-02-01,2019,Q1,2,February,1,5,Friday,0,1
20190208,2019-02-08,2019,Q1,2,February,8,5,Friday,0,1
20190212,2019-02-12,2019,Q1,2,February,12,2,Tuesday,0,1
20190222,2019-02-22,2019,Q1,2,February,22,5,Friday,0,1
20190308,2019-03-08,2019,Q1,3,March,8,5,Friday,0,1
20190313,2019-03-13,2019,Q1,3,March,13,3,Wednesday,0,1
20190321,2019-03-21,2019,Q1,3,March,21,4,Thursday,0,1
20190322,2019-03-22,2019,Q1,3,March,22,5,Friday,0,1
20190329,2019-03-29,2019,Q1,3,March,29,5,Friday,0,1
20190405,2019-04-05,2019,Q2,4,April,5,5,Friday,0,1
20190412,2019-04-12,2019,Q2,4,April,12,5,Friday,0,1
20190417,2019-04-17,2019,Q2,4,April,17,3,Wednesday,0,1
20190419,2019-04-19,2019,Q2,4,April,19,5,Friday,0,1
20190420,2019-04-20,2019,Q2,4,April,20,6,Saturday,1,1
20190426,2019-04-26,2019,Q2,4,April,26,5,Friday,0,1
20190501,2019-05-01,2019,Q2,5,May,1,3,Wednesday,0,1
20190503,2019-05-03,2019,Q2,5,May,3,5,Friday,0,1
20190510,2019-05-10,2019,Q2,5,May,10,5,Friday,0,1
20190514,2019-05-14,2019,Q2,5,May,14,2,Tuesday,0,1
20190516,2019-05-16,2019,Q2,5,May,16,4,Thursday,0,1
20190517,2019-05-17,2019,Q2,5,May,17,5,Friday,0,1
20190522,2019-05-22,2019,Q2,5,May,22,3,Wednesday,0,1
20190523,2019-05-23,2019,Q2,5,May,23,4,Thursday,0,1
20190524,2019-05-24,2019,Q2,5,May,24,5,Friday,0,1
20190531,2019-05-31,2019,Q2,5,May,31,5,Friday,0,1
20190607,2019-06-07,2019,Q2,6,June,7,5,Friday,0,1
20190612,2019-06-12,2019,Q2,6,June,12,3,Wednesday,0,1
20190614,2019-06-14,2019,Q2,6,June,14,5,Friday,0,1
20190619,2019-06-19,2019,Q2,6,June,19,3,Wednesday,0,1
20190627,2019-06-27,2019,Q2,6,June,27,4,Thursday,0,1
20190710,2019-07-10,2019,Q3,7,July,10,3,Wednesday,0,1
20190712,2019-07-12,2019,Q3,7,July,12,5,Friday,0,1
20190716,2019-07-16,2019,Q3,7,July,16,2,Tuesday,0,1
20190718,2019-07-18,2019,Q3,7,July,18,4,Thursday,0,1
20190724,2019-07-24,2019,Q3,7,July,24,3,Wednesday,0,1
20190731,2019-07-31,2019,Q3,7,July,31,3,Wednesday,0,1
20190802,2019-08-02,2019,Q3,8,August,2,5,Friday,0,1
20190805,2019-08-05,2019,Q3,8,August,5,1,Monday,0,1
20190809,2019-08-09,2019,Q3,8,August,9,5,Friday,0,1
20190816,2019-08-16,2019,Q3,8,August,16,5,Friday,0,1
20190821,2019-08-21,2019,Q3,8,August,21,3,Wednesday,0,1
20190828,2019-08-28,2019,Q3,8,August,28,3,Wednesday,0,1
20190829,2019-08-29,2019,Q3,8,August,29,4,Thursday,0,1
20190830,2019-08-30,2019,Q3,8,August,30,5,Friday,0,1
20190910,2019-09-10,2019,Q3,9,September,10,2,Tuesday,0,1
20190913,2019-09-13,2019,Q3,9,September,13,5,Friday,0,1
20190915,2019-09-15,2019,Q3,9,September,15,7,Sunday,1,1
20190920,2019-09-20,2019,Q3,9,September,20,5,Friday,0,1
20190925,2019-09-25,2019,Q3,9,September,25,3,Wednesday,0,1
20190927,2019-09-27,2019,Q3,9,September,27,5,Friday,0,1
20191004,2019-10-04,2019,Q4,10,October,4,5,Friday,0,1
20191011,2019-10-11,2019,Q4,10,October,11,5,Friday,0,1
20191012,2019-10-12,2019,Q4,10,October,12,6,Saturday,1,1
20191016,2019-10-16,2019,Q4,10,October,16,3,Wednesday,0,1
20191018,2019-10-18,2019,Q4,10,October,18,5,Friday,0,1
20191023,2019-10-23,2019,Q4,10,October,23,3,Wednesday,0,1
20191025,2019-10-25,2019,Q4,10,October,25,5,Friday,0,1
20191028,2019-10-28,2019,Q4,10,October,28,1,Monday,0,1
20191029,2019-10-29,2019,Q4,10,October,29,2,Tuesday,0,1
20191101,2019-11-01,2019,Q4,11,November,1,5,Friday,0,1
20191108,2019-11-08,2019,Q4,11,November,8,5,Friday,0,1
20191115,2019-11-15,2019,Q4,11,November,15,5,Friday,0,1
20191120,2019-11-20,2019,Q4,11,November,20,3,Wednesday,0,1
20191121,2019-11-21,2019,Q4,11,November,21,4,Thursday,0,1
20191127,2019-11-27,2019,Q4,11,November,27,3,Wednesday,0,1
20191128,2019-11-28,2019,Q4,11,November,28,4,Thursday,0,1
20191201,2019-12-01,2019,Q4,12,December,1,7,Sunday,1,1
20191203,2019-12-03,2019,Q4,12,December,3,2,Tuesday,0,1
20191205,2019-12-05,2019,Q4,12,December,5,4,Thursday,0,1
20191206,2019-12-06,2019,Q4,12,December,6,5,Friday,0,1
20191213,2019-12-13,2019,Q4,12,December,13,5,Friday,0,1
20191219,2019-12-19,2019,Q4,12,December,19,4,Thursday,0,1
20191220,2019-12-20,2019,Q4,12,December,20,5,Friday,0,1
20191224,2019-12-24,2019,Q4,12,December,24,2,Tuesday,0,1
20191226,2019-12-26,2019,Q4,12,December,26,4,Thursday,0,1
20191227,2019-12-27,2019,Q4,12,December,27,5,Friday,0,1
20200101,2020-01-01,2020,Q1,1,January,1,3,Wednesday,0,1
20200117,2020-01-17,2020,Q1,1,January,17,5,Friday,0,1
20200120,2020-01-20,2020,Q1,1,January,20,1,Monday,0,1
20200123,2020-01-23,2020,Q1,1,January,23,4,Thursday,0,1
20200131,2020-01-31,2020,Q1,1,January,31,5,Friday,0,1
20200207,2020-02-07,2020,Q1,2,February,7,5,Friday,0,1
20200211,2020-02-11,2020,Q1,2,February,11,2,Tuesday,0,1
20200212,2020-02-12,2020,Q1,2,February,12,3,Wednesday,0,1
20200214,2020-02-14,2020,Q1,2,February,14,5,Friday,0,1
20200221,2020-02-21,2020,Q1,2,February,21,5,Friday,0,1
20200228,2020-02-28,2020,Q1,2,February,28,5,Friday,0,1
20200306,2020-03-06,2020,Q1,3,March,6,5,Friday,0,1
20200308,2020-03-08,2020,Q1,3,March,8,7,Sunday,1,1
20200313,2020-03-13,2020,Q1,3,March,13,5,Friday,0,1
20200319,2020-03-19,2020,Q1,3,March,19,4,Thursday,0,1
20200320,2020-03-20,2020,Q1,3,March,20,5,Friday,0,1
20200325,2020-03-25,2020,Q1,3,March,25,3,Wednesday,0,1
20200327,2020-03-27,2020,Q1,3,March,27,5,Friday,0,1
20200402,2020-04-02,2020,Q2,4,April,2,4,Thursday,0,1
20200403,2020-04-03,2020,Q2,4,April,3,5,Friday,0,1
20200410,2020-04-10,2020,Q2,4,April,10,5,Friday,0,1
20200417,2020-04-17,2020,Q2,4,April,17,5,Friday,0,1
20200422,2020-04-22,2020,Q2,4,April,22,3,Wednesday,0,1
20200423,2020-04-23,2020,Q2,4,April,23,4,Thursday,0,1
20200424,2020-04-24,2020,Q2,4,April,24,5,Friday,0,1
20200429,2020-04-29,2020,Q2,4,April,29,3,Wednesday,0,1
20200430,2020-04-30,2020,Q2,4,April,30,4,Thursday,0,1
20200501,2020-05-01,2020,Q2,5,May,1,5,Friday,0,1
20200506,2020-05-06,2020,Q2,5,May,6,3,Wednesday,0,1
20200511,2020-05-11,2020,Q2,5,May,11,1,Monday,0,1
20200513,2020-05-13,2020,Q2,5,May,13,3,Wednesday,0,1
20200520,2020-05-20,2020,Q2,5,May,20,3,Wednesday,0,1
20200522,2020-05-22,2020,Q2,5,May,22,5,Friday,0,1
20200527,2020-05-27,2020,Q2,5,May,27,3,Wednesday,0,1
20200528,2020-05-28,2020,Q2,5,May,28,4,Thursday,0,1
20200603,2020-06-03,2020,Q2,6,June,3,3,Wednesday,0,1
20200605,2020-06-05,2020,Q2,6,June,5,5,Friday,0,1
20200612,2020-06-12,2020,Q2,6,June,12,5,Friday,0,1
20200618,2020-06-18,2020,Q2,6,June,18,4,Thursday,0,1
20200619,2020-06-19,2020,Q2,6,June,19,5,Friday,0,1
20200624,2020-06-24,2020,Q2,6,June,24,3,Wednesday,0,1
20200626,2020-06-26,2020,Q2,6,June,26,5,Friday,0,1
20200701,2020-07-01,2020,Q3,7,July,1,3,Wednesday,0,1
20200703,2020-07-03,2020,Q3,7,July,3,5,Friday,0,1
20200708,2020-07-08,2020,Q3,7,July,8,3,Wednesday,0,1
20200710,2020-07-10,2020,Q3,7,July,10,5,Friday,0,1
20200714,2020-07-14,2020,Q3,7,July,14,2,Tuesday,0,1
20200715,2020-07-15,2020,Q3,7,July,15,3,Wednesday,0,1
20200716,2020-07-16,2020,Q3,7,July,16,4,Thursday,0,1
20200717,2020-07-17,2020,Q3,7,July,17,5,Friday,0,1
20200723,2020-07-23,2020,Q3,7,July,23,4,Thursday,0,1
20200724,2020-07-24,2020,Q3,7,July,24,5,Friday,0,1
20200729,2020-07-29,2020,Q3,7,July,29,3,Wednesday,0,1
20200731,2020-07-31,2020,Q3,7,July,31,5,Friday,0,1
20200805,2020-08-05,2020,Q3,8,August,5,3,Wednesday,0,1
20200807,2020-08-07,2020,Q3,8,August,7,5,Friday,0,1
20200812,2020-08-12,2020,Q3,8,August,12,3,Wednesday,0,1
20200814,2020-08-14,2020,Q3,8,August,14,5,Friday,0,1
20200817,2020-08-17,2020,Q3,8,August,17,1,Monday,0,1
20200820,2020-08-20,2020,Q3,8,August,20,4,Thursday,0,1
20200821,2020-08-21,2020,Q3,8,August,21,5,Friday,0,1
20200826,2020-08-26,2020,Q3,8,August,26,3,Wednesday,0,1
20200828,2020-08-28,2020,Q3,8,August,28,5,Friday,0,1
20200902,2020-09-02,2020,Q3,9,September,2,3,Wednesday,0,1
20200903,2020-09-03,2020,Q3,9,September,3,4,Thursday,0,1
20200904,2020-09-04,2020,Q3,9,September,4,5,Friday,0,1
20200907,2020-09-07,2020,Q3,9,September,7,1,Monday,0,1
20200909,2020-09-09,2020,Q3,9,September,9,3,Wednesday,0,1
20200910,2020-09-10,2020,Q3,9,September,10,4,Thursday,0,1
20200911,2020-09-11,2020,Q3,9,September,11,5,Friday,0,1
20200915,2020-09-15,2020,Q3,9,September,15,2,Tuesday,0,1
20200916,2020-09-16,2020,Q3,9,September,16,3,Wednesday,0,1
20200917,2020-09-17,2020,Q3,9,September,17,4,Thursday,0,1
20200918,2020-09-18,2020,Q3,9,September,18,5,Friday,0,1
20200921,2020-09-21,2020,Q3,9,September,21,1,Monday,0,1
20200930,2020-09-30,2020,Q3,9,September,30,3,Wednesday,0,1
20201001,2020-10-01,2020,Q4,10,October,1,4,Thursday,0,1
20201002,2020-10-02,2020,Q4,10,October,2,5,Friday,0,1
20201004,2020-10-04,2020,Q4,10,October,4,7,Sunday,1,1
20201007,2020-10-07,2020,Q4,10,October,7,3,Wednesday,0,1
20201008,2020-10-08,2020,Q4,10,October,8,4,Thursday,0,1
20201009,2020-10-09,2020,Q4,10,October,9,5,Friday,0,1
20201013,2020-10-13,2020,Q4,10,October,13,2,Tuesday,0,1
20201014,2020-10-14,2020,Q4,10,October,14,3,Wednesday,0,1
20201015,2020-10-15,2020,Q4,10,October,15,4,Thursday,0,1
20201016,2020-10-16,2020,Q4,10,October,16,5,Friday,0,1
20201021,2020-10-21,2020,Q4,10,October,21,3,Wednesday,0,1
20201022,2020-10-22,2020,Q4,10,October,22,4,Thursday,0,1
20201023,2020-10-23,2020,Q4,10,October,23,5,Friday,0,1
20201027,2020-10-27,2020,Q4,10,October,27,2,Tuesday,0,1
20201028,2020-10-28,2020,Q4,10,October,28,3,Wednesday,0,1
20201030,2020-10-30,2020,Q4,10,October,30,5,Friday,0,1
20201103,2020-11-03,2020,Q4,11,November,3,2,Tuesday,0,1
20201105,2020-11-05,2020,Q4,11,November,5,4,Thursday,0,1
20201106,2020-11-06,2020,Q4,11,November,6,5,Friday,0,1
20201111,2020-11-11,2020,Q4,11,November,11,3,Wednesday,0,1
20201112,2020-11-12,2020,Q4,11,November,12,4,Thursday,0,1
20201113,2020-11-13,2020,Q4,11,November,13,5,Friday,0,1
20201119,2020-11-19,2020,Q4,11,November,19,4,Thursday,0,1
20201120,2020-11-20,2020,Q4,11,November,20,5,Friday,0,1
20201122,2020-11-22,2020,Q4,11,November,22,7,Sunday,1,1
20201123,2020-11-23,2020,Q4,11,November,23,1,Monday,0,1
20201124,2020-11-24,2020,Q4,11,November,24,2,Tuesday,0,1
20201125,2020-11-25,2020,Q4,11,November,25,3,Wednesday,0,1
20201127,2020-11-27,2020,Q4,11,November,27,5,Friday,0,1
20201130,2020-11-30,2020,Q4,11,November,30,1,Monday,0,1
20201201,2020-12-01,2020,Q4,12,December,1,2,Tuesday,0,1
20201203,2020-12-03,2020,Q4,12,December,3,4,Thursday,0,1
20201204,2020-12-04,2020,Q4,12,December,4,5,Friday,0,1
20201207,2020-12-07,2020,Q4,12,December,7,1,Monday,0,1
20201208,2020-12-08,2020,Q4,12,December,8,2,Tuesday,0,1
20201209,2020-12-09,2020,Q4,12,December,9,3,Wednesday,0,1
20201211,2020-12-11,2020,Q4,12,December,11,5,Friday,0,1
20201214,2020-12-14,2020,Q4,12,December,14,1,Monday,0,1
20201218,2020-12-18,2020,Q4,12,December,18,5,Friday,0,1
20201221,2020-12-21,2020,Q4,12,December,21,1,Monday,0,1
20201223,2020-12-23,2020,Q4,12,December,23,3,Wednesday,0,1
20201224,2020-12-24,2020,Q4,12,December,24,4,Thursday,0,1
20201225,2020-12-25,2020,Q4,12,December,25,5,Friday,0,1
20201227,2020-12-27,2020,Q4,12,December,27,7,Sunday,1,1
20201228,2020-12-28,2020,Q4,12,December,28,1,Monday,0,1
20210101,2021-01-01,2021,Q1,1,January,1,5,Friday,0,0
20210106,2021-01-06,2021,Q1,1,January,6,3,Wednesday,0,0
20210107,2021-01-07,2021,Q1,1,January,7,4,Thursday,0,0
20210108,2021-01-08,2021,Q1,1,January,8,5,Friday,0,0
20210111,2021-01-11,2021,Q1,1,January,11,1,Monday,0,0
20210114,2021-01-14,2021,Q1,1,January,14,4,Thursday,0,0
20210115,2021-01-15,2021,Q1,1,January,15,5,Friday,0,0
20210122,2021-01-22,2021,Q1,1,January,22,5,Friday,0,0
20210128,2021-01-28,2021,Q1,1,January,28,4,Thursday,0,0
20210129,2021-01-29,2021,Q1,1,January,29,5,Friday,0,0
20210205,2021-02-05,2021,Q1,2,February,5,5,Friday,0,0
20210210,2021-02-10,2021,Q1,2,February,10,3,Wednesday,0,0
20210211,2021-02-11,2021,Q1,2,February,11,4,Thursday,0,0
20210212,2021-02-12,2021,Q1,2,February,12,5,Friday,0,0
20210223,2021-02-23,2021,Q1,2,February,23,2,Tuesday,0,0
20210225,2021-02-25,2021,Q1,2,February,25,4,Thursday,0,0
20210226,2021-02-26,2021,Q1,2,February,26,5,Friday,0,0
20210301,2021-03-01,2021,Q1,3,March,1,1,Monday,0,0
20210303,2021-03-03,2021,Q1,3,March,3,3,Wednesday,0,0
20210305,2021-03-05,2021,Q1,3,March,5,5,Friday,0,0
20210312,2021-03-12,2021,Q1,3,March,12,5,Friday,0,0
20210317,2021-03-17,2021,Q1,3,March,17,3,Wednesday,0,0
20210318,2021-03-18,2021,Q1,3,March,18,4,Thursday,0,0
20210324,2021-03-24,2021,Q1,3,March,24,3,Wednesday,0,0
20210325,2021-03-25,2021,Q1,3,March,25,4,Thursday,0,0
20210326,2021-03-26,2021,Q1,3,March,26,5,Friday,0,0
20210401,2021-04-01,2021,Q2,4,April,1,4,Thursday,0,0
20210402,2021-04-02,2021,Q2,4,April,2,5,Friday,0,0
20210407,2021-04-07,2021,Q2,4,April,7,3,Wednesday,0,0
20210409,2021-04-09,2021,Q2,4,April,9,5,Friday,0,0
20210414,2021-04-14,2021,Q2,4,April,14,3,Wednesday,0,0
20210415,2021-04-15,2021,Q2,4,April,15,4,Thursday,0,0
20210416,2021-04-16,2021,Q2,4,April,16,5,Friday,0,0
20210417,2021-04-17,2021,Q2,4,April,17,6,Saturday,1,0
20210422,2021-04-22,2021,Q2,4,April,22,4,Thursday,0,0
20210428,2021-04-28,2021,Q2,4,April,28,3,Wednesday,0,0
20210429,2021-04-29,2021,Q2,4,April,29,4,Thursday,0,0
20210430,2021-04-30,2021,Q2,4,April,30,5,Friday,0,0
20210507,2021-05-07,2021,Q2,5,May,7,5,Friday,0,0
20210512,2021-05-12,2021,Q2,5,May,12,3,Wednesday,0,0
20210514,2021-05-14,2021,Q2,5,May,14,5,Friday,0,0
20210518,2021-05-18,2021,Q2,5,May,18,2,Tuesday,0,0
20210521,2021-05-21,2021,Q2,5,May,21,5,Friday,0,0
20210526,2021-05-26,2021,Q2,5,May,26,3,Wednesday,0,0
20210527,2021-05-27,2021,Q2,5,May,27,4,Thursday,0,0
